"FL","AL","MS","LA","TX"
3.94136116,17.0881248251399,0.887548820713386,5.28865802541536,3.55265850070451
16.3520514567296,35.4655266152484,3.18581821428571,15.3512891,5.59895669213325
27.6044352113125,38.4425099846143,7.56428974873929,18.6910281494514,6.87812521426165
37.7492987884107,42.1852901933333,11.6744778277778,23.6682035842105,7.82086090260695
57.0435490855541,48.3824560579471,21.2753080703188,33.4286812265925,12.311587322
